sentiment,text,user
"negative","RT @nramind: Something‚Äôs gone seriously wrong ‚Äî but no need to panic. What‚Äôs needed is a strategic shift, guided by Covid-19-relevant scien‚Ä¶","bnmallick"
"positive","Exploring the Real World of #DataScience - KDnuggets https://t.co/YO4CMP1cuJ","travissari"
"positive","@boltsandbombers The data of animal agriculture need in regenerative form is beyond doubt. It is the only sound opt‚Ä¶ https://t.co/zmmFcVs7Ca","tommy3141watson"
"positive","We are excited that #NYULibraries is now part of  @open_textbooks - See their Computer Science and Data textbooks a‚Ä¶ https://t.co/NvhpPMGqrs","nyudataservices"
"positive","RT @IreneSuaMar: My latest \"science garment\": Earth layers skirt #geoscience.\n\nI embroidered the names and depths of the layers because you‚Ä¶","Dybel"
"positive","RT @theAAG: ICYMI: @dhkaplanoh's last column as he finishes his AAG Presidency: \"Making Data Meaningful Or Geography‚Äôs Contribution to Data‚Ä¶","Makkitter"
"positive","RT @IreneSuaMar: My latest \"science garment\": Earth layers skirt #geoscience.\n\nI embroidered the names and depths of the layers because you‚Ä¶","caaaaatherine"
"positive","RT @drjoeviana: BI Norwegian Business school and Simula Research Laboratory to establish a new data science department and research centre‚Ä¶","akdm_bot"
"positive","RT @IreneSuaMar: My latest \"science garment\": Earth layers skirt #geoscience.\n\nI embroidered the names and depths of the layers because you‚Ä¶","AveryGTheWriter"
"neutral","„Äê‰∫∫Ê∞óÔºÅ„Äë\n„Ç´„ÉÜ„Ç¥„É™„ÉºÔºö Computer Science\n„ÄåDatabase Internals: A Deep Dive into How Distributed Data Systems Work „Äç\n19%OFF 4970ÂÜÜ\nhttps://t.co/SFwkr0d1oo","ebook_checker"
"neutral","RT @RLadiesMAD: Laetitia (@BegoniaBrava), experta en educaci√≥n tradicional y dise√±o de curr√≠culum, quiere pivotar a dise√±adora instrucciona‚Ä¶","jormtz_"
"positive","RT @IreneSuaMar: My latest \"science garment\": Earth layers skirt #geoscience.\n\nI embroidered the names and depths of the layers because you‚Ä¶","OwenGoode"
"positive","SQL for Data Science: Create your first Database and Table....\nhttps://t.co/fFy1NMXA1W","m_dolllar"
"neutral","RT @DataScienceFEM: ¬°Aprende de #visualizaci√≥n y mejora la forma en que presentas tu# #datos! üìäüìà #BigDataScience y la Academia Estrategia d‚Ä¶","BioinfoLa"
"positive","RT @IreneSuaMar: My latest \"science garment\": Earth layers skirt #geoscience.\n\nI embroidered the names and depths of the layers because you‚Ä¶","LewisCoTravel"
"neutral","RT @VerticeCloud: Get up and running with Oracle Data Science Platform and start generating actionable insight in no time with the help of‚Ä¶","VerticeCloud"
"positive","RT @SwissRe: #swissreinstitute Director of Research, Jeff Bohn, introducing the #food4thought20 conference: \"if we want to have real insigh‚Ä¶","XPERTHealth"
"positive","Market Upcoming Future Growth and Opportunities with Dazzling ‚Ä¶ -  https://t.co/YBcTY4x2XU #datascience #intoAInews","into_AI"
"positive","Luck? Science?\n\nMarc Boom @MethodistHosp CEO says ‚ÄúEven though we have about 200 more patients in house, about doub‚Ä¶ https://t.co/u7cqs1lpCd","JoeBabaian"
"negative","@NC_Governor DATA from Minnesota shows spike caused by protests, rioting and looting.  It has nothing to due with r‚Ä¶ https://t.co/jOVsWISPrp","RealDriver12"
"positive","RT @tomfolanmd: Deleting data you don‚Äôt like isn‚Äôt an effective strategy for combatting COVID19 anymore than failing to test for COVID will‚Ä¶","PRioux33"
"negative","Collaboration #TheStateWay! \"By working with the Center for Translational Research in Neuroimaging and Data Science‚Ä¶ https://t.co/smIn1Lsq6V","GSU_Research"
"positive","RT @drdavidsamadi: Fear does not help us combat COVID-19.\n\nOnly sober-minded actions based on facts, science and data.\n\nWhen we act from fe‚Ä¶","MACV68AT95"
"positive","@RobinEnochs The possibilities naturally exist. Testers r human. Experts like 2 talk abt data &amp; science but even th‚Ä¶ https://t.co/MNPPfruR73","TKN1202"
"positive","RT @Write4Research: US faculty hirings strongly favour PhDs from already high prestige departments.. data from computer science, business a‚Ä¶","iquintanag"
"positive","RT @IreneSuaMar: My latest \"science garment\": Earth layers skirt #geoscience.\n\nI embroidered the names and depths of the layers because you‚Ä¶","AstragaliUSA"
"neutral","I'm honored to be a Keynote Speaker at the virtual #MarketingAnalytics and #DataScience Conference (July 28-30)\n\nRE‚Ä¶ https://t.co/nDBJ9Bdy1V","KirkDBorne"
"positive","RT @dsn_ui: Data Science is more of art.\nLearn one of  best use cases of feature engineering with @risingodegua\n\n@Akinsande1 @Elishatofunmi‚Ä¶","Elishatofunmi"
"positive","RT @TimoRoettger: New paper out in Cognition (together with Kim Rimland):\n\n\"Listeners‚Äô adaptation to unreliable intonation is speaker-sensi‚Ä¶","jormtz_"
"neutral","RT @CVASPS: The Manual, Vol. 1, Ch. 2: Sport Science On A Budget, Kevin Dawidowicz@kdawidowicz of CoachMePlus @CoachMePlus  ‚Äú‚Ä¶it‚Äôs not abou‚Ä¶","CoachKReid"
"neutral","RT @buabaj_: I've been added as an official Author at @TDataScience guyssüéâüéâ\nI'll be writing moreee articles about Data Science, Analytics a‚Ä¶","l_jvck"
"neutral","RT @CVASPS: The Manual, Vol. 1, Ch. 2: Sport Science On A Budget, Kevin Dawidowicz@kdawidowicz of CoachMePlus @CoachMePlus  ‚Äú‚Ä¶it‚Äôs not abou‚Ä¶","CoachMePlus"
"positive","@mims I wear the mask, but it's worth pointing out (as WSJ did today) that our best scientists were early/often *ag‚Ä¶ https://t.co/YNaDTBezfs","mjasay"
"positive","@GreggDoyelStar The science is clear? Data? Links? N95 masks do not filter air you exhale. Surgical masks allow the‚Ä¶ https://t.co/sLv9w0F239","IndyJohn941"
"positive","10 Free Must-Read Books for Machine Learning and Data Science - KDnuggets https://t.co/iIum60xPFF #books","UniSimplexity"
"neutral","What are the Five Steps To Developing A Data Science Culture? Check out our CEO's article via @forbes https://t.co/Xpj9vVbyPa","2predictI"
"positive","RT @QSS_ISSI: Second issue of QSS has just been published; 23 open access articles on a broad range of topics in the field of science studi‚Ä¶","Marek_Kwiek"
"neutral","RT @ManashiGanguly: If you ever wanted to understand how to get your career pivoted or accelerated in the Cloud, AI &amp; Data Science Field, j‚Ä¶","jayeshmthakur"
"positive","Are you a Sky Mobile user? If you PiggyBank your unused data, you can exchange it for a new device, movie rentals,‚Ä¶ https://t.co/6JFUFLV5gL","acuitsolutions"
"positive","RT @CRMScience: üíªBusinesses have discovered new ways to use their data, people, and capabilities during COVID-19. \n\nHere are two stories fr‚Ä¶","amiassayag"
"positive","RT @IreneSuaMar: My latest \"science garment\": Earth layers skirt #geoscience.\n\nI embroidered the names and depths of the layers because you‚Ä¶","EmonEconomist"
"neutral","These posts are based on last term's assignment for my @uocommonlaw \"Data Science for Lawyers\" class after I came a‚Ä¶ https://t.co/1z7uFZFPYs","w_alschner"
"neutral","I have been invited for National Science Foundation (NSF) funding for a #COVID19 project. I am asking if you know o‚Ä¶ https://t.co/BWxOVMiFve","shekhargupta01"
"positive","Are you a Sky Mobile user? If you PiggyBank your unused data, you can exchange it for a new device, movie rentals,‚Ä¶ https://t.co/s2DOwlWZkw","limbtec"
"positive","Are you a Sky Mobile user? If you PiggyBank your unused data, you can exchange it for a new device, movie rentals,‚Ä¶ https://t.co/apLA3myA0Y","jonatcrosstek"
"positive","Are you a Sky Mobile user? If you PiggyBank your unused data, you can exchange it for a new device, movie rentals,‚Ä¶ https://t.co/X6bzyun5t2","s2computers"
"positive","Are you a Sky Mobile user? If you PiggyBank your unused data, you can exchange it for a new device, movie rentals,‚Ä¶ https://t.co/vNl9oaPuRn","and_solutions"
"positive","Are you a Sky Mobile user? If you PiggyBank your unused data, you can exchange it for a new device, movie rentals,‚Ä¶ https://t.co/EZafqrzA05","GMAgregsays"
"positive","Are you a Sky Mobile user? If you PiggyBank your unused data, you can now exchange it for a new device, movie renta‚Ä¶ https://t.co/tvSpq4h91o","EvarisPlc"
"positive","Are you a Sky Mobile user? If you PiggyBank your unused data, you can now exchange it for a new device, movie renta‚Ä¶ https://t.co/sINwnjdIlQ","SmileITLtd"
"positive","Are you a Sky Mobile user? If you PiggyBank your unused data, you can exchange it for a new device, movie rentals,‚Ä¶ https://t.co/OGjmdv4ueQ","millenniumltd"
"positive","Are you a Sky Mobile user? If you PiggyBank your unused data, you can exchange it for a new device, movie rentals,‚Ä¶ https://t.co/6q0XbeJgps","cloud4computers"
"positive","So happy to have won the 'Best Use of Data' in the @Design_Week awards. üèÜüèÜüèÜ  Read about the work Open Source Tools‚Ä¶ https://t.co/76GLy7COje","hetcodesign"
"positive","RT @deborah_gillis: Delighted to virtually celebrate one year of #KrembilNeuroinformatics @CAMHnews. Thank you to @KrembilF for your vision‚Ä¶","CAMHResearch"
"neutral","RT @webofscience: Web of Science Journal Citation Reports 2020 are here! The just-released update includes 12,171 total journals across 236‚Ä¶","hg_sarmento"
"positive","ICYMI: Cardiff Uni has partnered with @ONS to deliver a set of professional development courses in Data Science, We‚Ä¶ https://t.co/jChithG4z5","CardiffUniCPD"
"positive","Are you a Sky Mobile user? If you PiggyBank your unused data, you can exchange it for a new device, movie rentals,‚Ä¶ https://t.co/w36NqRqIWb","chtsiuk"
"positive","Are you a Sky Mobile user? If you PiggyBank your unused data, you can exchange it for a new device, movie rentals,‚Ä¶ https://t.co/JCzBi2mm9u","sj_systems"
"positive","Are you a Sky Mobile user? If you PiggyBank your unused data, you can now exchange it for a new device, movie renta‚Ä¶ https://t.co/JNEUQo3TzU","cache4it"
"positive","Are you a Sky Mobile user? If you PiggyBank your unused data, you can exchange it for a new device, movie rentals,‚Ä¶ https://t.co/6dY5BfRTyZ","pureit"
"positive","RT @drdavidsamadi: Fear does not help us combat COVID-19.\n\nOnly sober-minded actions based on facts, science and data.\n\nWhen we act from fe‚Ä¶","PatriciaSarge18"
"neutral","RT @bunsenbernerbmd: Momentum: quality of motion based on mass and velocity.\nWhat happens when irresistible cuteness hits a fuzzy immovable‚Ä¶","ToShawnAnderson"
"positive","RT @drdavidsamadi: Fear does not help us combat COVID-19.\n\nOnly sober-minded actions based on facts, science and data.\n\nWhen we act from fe‚Ä¶","MikeBrooksOATF"
"positive","RT @antgrasso: Oracle Data Science Overview, a free webinar about OCI Data Science, Oracle Accelerated Data Science SDK, and more.\n\nRegiste‚Ä¶","CoffeTechnology"
"neutral","Creating a Visual Narrative in Data Science https://t.co/a7hgdMegvZ #artificialintelligence","CMOandCompany"
"positive","RT @IreneSuaMar: My latest \"science garment\": Earth layers skirt #geoscience.\n\nI embroidered the names and depths of the layers because you‚Ä¶","DeathReveals"
"positive","RT @IreneSuaMar: My latest \"science garment\": Earth layers skirt #geoscience.\n\nI embroidered the names and depths of the layers because you‚Ä¶","Thymbraeus"
"positive","Besides issues of extracting value from large #data sets, the primary challenges for #ArtificialIntelligence &amp;‚Ä¶ https://t.co/B3FNnuxYOZ","gentackle"
"neutral","RT @webofscience: Web of Science Journal Citation Reports 2020 are here! The just-released update includes 12,171 total journals across 236‚Ä¶","PaleoXose"
"neutral","@ButtahBelieve @brianba95977991 @George00694686 @politvidchannel @VP Correct, Actually taking China out of the equa‚Ä¶ https://t.co/WnNyeLs8J9","Voters4Change"
"positive","RT @IreneSuaMar: My latest \"science garment\": Earth layers skirt #geoscience.\n\nI embroidered the names and depths of the layers because you‚Ä¶","potato_grapher"
"neutral","TikTok Ne Fir Chori Kiya Data | TikTok is Collecting User Dataüò°\n\nWatch Now: https://t.co/3O3chO0a1d\n\n#TikTok‚Ä¶ https://t.co/qbL4EYT8pw","VGMTECHIN"
"neutral","@OscarsWild1 @JamesRider3 @FeynmanFreaky @glinch72 @Jamz129 @DanielK26147010 @Andrewemcameron @AanthanurDC‚Ä¶ https://t.co/cqSa9j4uAC","Jaisans"
"positive","RT @Design_Week: The Best use of Data winner is announced! Congrats to Open Source Tools Powering Health Data Science for Wellcome Trust -‚Ä¶","Simon_B_Johnson"
"neutral","RT @RIEPSCoR: Dr. Sally Hamouda &amp; Dr. Anabela Maia (@AnabelaM) kick off this morning's data viz workshop @RICNews w/ area HS teachers! #dat‚Ä¶","RICNews"
"neutral","RT @bryson_hamilton: Well Well the spike is bullshit. Yes trust the F**king science even though it is run by Left Wing CDC clowns..\n\nhttps:‚Ä¶","JustBeMentalist"
"neutral","RT @noticebard: Course on Probability &amp; Statistics in Data Science using Python by University of California, San Diego [Online, 10 Weeks]:‚Ä¶","JustBeMentalist"
"neutral","RT @CaseyHughlett: .@elonmusk Tesla in Tulsa == TNT.  Aerospace talent, data science, ml engineering, manufacturing, liberty mindset... htt‚Ä¶","JustBeMentalist"